"failure_id","provider_id","equipment_id","equipment_type","location_site","location_city","location_state","location_country","failure_datetime","failure_type","failure_severity","failure_description","detected_by","recovery_action","recovery_start_datetime","recovery_end_datetime","recovery_duration_minutes","recovery_successful","recovery_notes","reported_by","affected_customers_count"
"F10001","TCom-01","RT-0601A","router","SiteA-CHI-01","Chicago","IL","USA","2024-04-03T09:17:00Z","hardware","critical","Core router failed due to overheating, network traffic rerouted.","automated monitoring","Replaced faulty cooling unit and restarted core router.","2024-04-03T09:25:00Z","2024-04-03T10:35:00Z","70","true","Replacement successful, all systems operational.","sys_admin_23","950"
"F10002","NetWave","SW-7812Q","switch","SwitchRoom-TYO-03","Tokyo","Tokyo","Japan","2024-03-18T18:46:00Z","network","major","Switch lost connectivity to upstream router, partial outages reported.","automated monitoring","Restored uplink port, verified routing tables.","2024-03-18T18:47:00Z","2024-03-18T19:10:00Z","23","true","Connectivity restored, monitoring for further issues.","net_ops_tyo","480"
"F10003","GlobeTel","BS-9001Z","base_station","RuralStation-NBO-04","Nairobi","Nairobi County","Kenya","2024-05-09T12:06:00Z","environmental","critical","Base station down due to heavy rain and flooding.","manual inspection","Elevated equipment, replaced damaged power supply.","2024-05-09T13:11:00Z","2024-05-09T18:45:00Z","334","true","All repairs completed, base station back online.","field_ops_nbo","4200"
"F10004","TCom-02","XCVR-312B","transceiver","LabCenter-SYD-02","Sydney","NSW","Australia","2024-03-21T11:20:00Z","hardware","major","Transceiver module failed during peak traffic.","automated monitoring","Module swapped, recalibrated optical lines.","2024-03-21T11:27:00Z","2024-03-21T12:03:00Z","36","true","No further errors detected post-replacement.","sys_admin_aus","320"
"F10005","GlobeTel","FOC-0112F","fiber_optic_cable","TunnelFOC-REY-10","Reykjavik","Capital Region","Iceland","2024-04-13T03:50:00Z","environmental","critical","Undersea fiber optic cable damaged by seismic activity.","manual inspection","Cable segment replaced, rerouted traffic during repair.","2024-04-13T06:00:00Z","2024-04-13T18:20:00Z","740","false","Temporary fix in place; full replacement scheduled.","marine_ops_ic","15200"
"F10006","NetWave","SW-1847L","switch","SwitchRoom-BER-07","Berlin","Berlin","Germany","2024-05-15T16:54:00Z","power","major","Switch rebooted unexpectedly after voltage drop.","manual inspection","UPS installed, checked for further power issues.","2024-05-15T17:00:00Z","2024-05-15T17:32:00Z","32","true","UPS operational, no further reboots observed.","field_ops_ber","240"
"F10007","TCom-01","RT-0602B","router","SiteB-AUS-05","Austin","TX","USA","2024-04-02T08:41:00Z","software","minor","Router firmware crashed during configuration update.","automated monitoring","Rolled back update, reinstalled previous firmware.","2024-04-02T08:42:00Z","2024-04-02T08:46:00Z","4","true","Firmware stable post-recovery.","sys_admin_tx","35"
"F10008","NetWave","FOC-0041C","fiber_optic_cable","BridgeFOC-PAR-06","Paris","Île-de-France","France","2024-05-05T21:18:00Z","hardware","critical","Fiber cable break detected under bridge crossing.","automated monitoring","Spliced cable, tested link integrity.","2024-05-05T22:00:00Z","2024-05-06T02:45:00Z","285","true","Cable restored, throughput returned to normal.","fiber_team_par","7100"
"F10009","GlobeTel","BS-9002A","base_station","Station-DXB-07","Dubai","Dubai","UAE","2024-05-12T05:22:00Z","power","major","Base station outage due to generator failure.","manual inspection","Generator repaired, base station restarted.","2024-05-12T06:00:00Z","2024-05-12T07:35:00Z","95","false","Partial restoration; additional generator work required.","field_ops_dxb","1700"
"F10010","TCom-01","SW-5691M","switch","DataHall-NYC-11","New York","NY","USA","2024-03-27T14:09:00Z","hardware","major","Switch power supply failed, downstream links offline.","automated monitoring","Power supply swapped, verified link restoration.","2024-03-27T14:15:00Z","2024-03-27T14:41:00Z","26","true","All ports operational, traffic normalized.","sys_admin_ny","510"
"F10011","NetWave","RT-0701D","router","CoreRoom-BER-09","Berlin","Berlin","Germany","2024-04-18T08:39:00Z","network","major","Major packet loss at core router, affecting all Berlin sites.","automated monitoring","Reconfigured routing protocol, cleared ARP cache.","2024-04-18T08:41:00Z","2024-04-18T09:18:00Z","37","true","Network stability restored.","net_ops_ber","800"
"F10012","GlobeTel","FOC-0121X","fiber_optic_cable","UnderseaFOC-CPT-02","Cape Town","Western Cape","South Africa","2024-05-03T04:01:00Z","environmental","critical","Undersea cable hit by anchor, severe data loss.","manual inspection","Cable section replaced, rerouted international traffic.","2024-05-03T06:00:00Z","2024-05-03T20:55:00Z","895","false","Major outages remain, permanent repairs underway.","marine_ops_cpt","33000"
"F10013","TCom-02","RT-0603C","router","LabCenter-DEL-03","Delhi","Delhi","India","2024-03-30T10:35:00Z","software","minor","Router interface froze during internal QA testing.","manual inspection","Reset interface, applied firmware patch.","2024-03-30T10:36:00Z","2024-03-30T10:39:00Z","3","true","Patch verified, no further freezes observed.","qa_team_del","0"
"F10014","TCom-01","SW-5692J","switch","DataHall-SEA-10","Seattle","WA","USA","2024-04-23T23:24:00Z","software","warning","Switch logging error detected, no impact to traffic.","automated monitoring","Restarted logging service, checked error logs.","2024-04-23T23:25:00Z","2024-04-23T23:26:00Z","1","true","Logging normalized, no further warnings.","sys_admin_sea","0"
"F10015","NetWave","FOC-0156E","fiber_optic_cable","TunnelFOC-BER-08","Berlin","Berlin","Germany","2024-04-04T17:19:00Z","hardware","critical","Tunnel fiber cable severed by excavation.","manual inspection","Cable spliced, tested for signal loss.","2024-04-04T18:05:00Z","2024-04-04T21:55:00Z","230","true","Signal restored, excavation protocols updated.","fiber_team_ber","10200"
"F10016","GlobeTel","BS-9003B","base_station","RemoteStation-CPT-09","Cape Town","Western Cape","South Africa","2024-05-27T07:32:00Z","power","critical","Base station lost power after transformer explosion.","manual inspection","Transformer replaced, base station reactivated.","2024-05-27T08:00:00Z","2024-05-27T13:25:00Z","325","true","Station fully functional after transformer swap.","field_ops_cpt","2800"
"F10017","TCom-02","SW-5693F","switch","LabSwitch-MTL-14","Montreal","QC","Canada","2024-03-10T15:19:00Z","network","minor","Switch port flapping, noticed during lab simulation.","automated monitoring","Disabled affected port, replaced cable.","2024-03-10T15:20:00Z","2024-03-10T15:25:00Z","5","true","Port stable, simulation resumed.","lab_ops_mtl","0"
"F10018","NetWave","FOC-0189P","fiber_optic_cable","UnderseaFOC-SIN-06","Singapore","Singapore","Singapore","2024-05-28T04:53:00Z","environmental","critical","Undersea cable damage due to marine construction.","manual inspection","Cable rerouted, full replacement scheduled.","2024-05-28T05:15:00Z","2024-05-28T18:00:00Z","765","false","Temporary reroute in place; permanent fix pending.","marine_ops_sin","21000"
"F10019","GlobeTel","BS-9004L","base_station","RemoteStation-NBO-11","Nairobi","Nairobi County","Kenya","2024-04-20T21:59:00Z","power","major","Battery backup failed, base station lost power.","manual inspection","Replaced batteries, tested backup system.","2024-04-20T22:15:00Z","2024-04-20T23:32:00Z","77","true","Station stable, power redundancy confirmed.","field_ops_nbo","1200"
"F10020","TCom-01","RT-0604K","router","TestLab-SF-04","San Francisco","CA","USA","2024-03-15T19:02:00Z","software","warning","Router test failed during automated QA.","automated monitoring","Restarted test process, cleared error logs.","2024-03-15T19:03:00Z","2024-03-15T19:04:00Z","1","true","QA passed after reset.","qa_team_sf","0"
"F10021","GlobeTel","BS-9005N","base_station","Station-DEL-16","Delhi","Delhi","India","2024-04-29T16:44:00Z","hardware","major","Base station transceiver module failed.","automated monitoring","Module replaced, base station recalibrated.","2024-04-29T17:01:00Z","2024-04-29T17:55:00Z","54","true","Transceiver operational, signal strength restored.","sys_admin_del","890"
"F10022","NetWave","SW-5694H","switch","SwitchRoom-STO-05","Stockholm","Stockholm","Sweden","2024-05-19T22:11:00Z","hardware","critical","Switch failed due to faulty backplane.","automated monitoring","Backplane replaced, switch rebooted.","2024-05-19T22:15:00Z","2024-05-19T23:02:00Z","47","true","Switch running stable after replacement.","sys_admin_sto","670"
"F10023","TCom-02","RT-0605D","router","LabCenter-LON-07","London","London","UK","2024-04-06T07:12:00Z","software","minor","Router interface failed during firmware update.","automated monitoring","Rolled back firmware, interface restored.","2024-04-06T07:13:00Z","2024-04-06T07:17:00Z","4","true","Firmware rolled back, no errors.","qa_team_lon","0"
"F10024","GlobeTel","BS-9006S","base_station","Station-BUE-08","Buenos Aires","Buenos Aires","Argentina","2024-05-21T11:40:00Z","hardware","major","Base station main board failed unexpectedly.","automated monitoring","Main board swapped, system retested.","2024-05-21T12:20:00Z","2024-05-21T13:05:00Z","45","true","Board replaced, all tests passed.","sys_admin_bue","650"
"F10025","NetWave","FOC-0192Q","fiber_optic_cable","BridgeFOC-LON-13","London","London","UK","2024-03-25T01:30:00Z","hardware","critical","Bridge fiber cable snapped due to tension stress.","automated monitoring","Cable replaced, tension relief added.","2024-03-25T02:00:00Z","2024-03-25T06:40:00Z","280","true","Cable stable, tension protocols improved.","fiber_team_lon","12200"
"F10026","TCom-01","SW-5695K","switch","DataHall-CHI-12","Chicago","IL","USA","2024-05-17T02:58:00Z","network","major","Switch lost connection to access points.","automated monitoring","Rebooted switch, updated link settings.","2024-05-17T03:00:00Z","2024-05-17T03:25:00Z","25","true","All APs connected post reboot.","sys_admin_23","390"
"F10027","GlobeTel","BS-9007T","base_station","Station-SYD-19","Sydney","NSW","Australia","2024-04-16T13:28:00Z","environmental","major","Base station signal disrupted by high winds.","manual inspection","Antenna realigned, hardware checked.","2024-04-16T14:00:00Z","2024-04-16T15:20:00Z","80","true","Signal strength restored after realignment.","field_ops_syd","1200"
"F10028","NetWave","FOC-0102M","fiber_optic_cable","TunnelFOC-TYO-16","Tokyo","Tokyo","Japan","2024-05-06T15:24:00Z","hardware","critical","Fiber cable damaged by tunnel maintenance.","manual inspection","Cable joined, maintenance protocols updated.","2024-05-06T16:10:00Z","2024-05-06T20:35:00Z","265","true","Cable signal verified, maintenance completed.","fiber_team_tyo","9800"
"F10029","TCom-02","RT-0606E","router","TestLab-STO-22","Stockholm","Stockholm","Sweden","2024-03-17T09:28:00Z","software","minor","Router update failed during test simulation.","automated monitoring","Rolled back update, restarted router.","2024-03-17T09:29:00Z","2024-03-17T09:32:00Z","3","true","Router stable after rollback.","qa_team_sto","0"
"F10030","GlobeTel","BS-9008U","base_station","Station-NBO-21","Nairobi","Nairobi County","Kenya","2024-05-13T03:11:00Z","power","critical","Base station lost power due to cable theft.","manual inspection","Replaced power cables, secured site perimeter.","2024-05-13T04:00:00Z","2024-05-13T09:20:00Z","320","false","Site secured, awaiting police report for permanent fix.","field_ops_nbo","4100"
"F10031","TCom-01","SW-5696N","switch","DataHall-AUS-15","Austin","TX","USA","2024-04-11T07:37:00Z","power","major","Switch power supply failed, brief outage.","manual inspection","Power supply replaced, UPS installed.","2024-04-11T07:50:00Z","2024-04-11T08:20:00Z","30","true","Power redundancy confirmed, switch online.","field_ops_aus","210"
"F10032","NetWave","XCVR-313C","transceiver","TransRoom-BER-13","Berlin","Berlin","Germany","2024-05-02T10:43:00Z","hardware","critical","Transceiver failed, signal loss to multiple nodes.","automated monitoring","Replaced unit, recalibrated network devices.","2024-05-02T10:50:00Z","2024-05-02T11:45:00Z","55","true","Signal restored, monitoring ongoing.","sys_admin_ber","490"
"F10033","TCom-02","RT-0607F","router","LabCenter-BUE-18","Buenos Aires","Buenos Aires","Argentina","2024-03-31T06:22:00Z","software","minor","Router rebooted during automated test.","automated monitoring","Restarted router, checked firmware logs.","2024-03-31T06:23:00Z","2024-03-31T06:27:00Z","4","true","Router stable after reboot.","qa_team_bue","0"
"F10034","GlobeTel","BS-9009V","base_station","Station-CPT-22","Cape Town","Western Cape","South Africa","2024-05-24T18:49:00Z","hardware","major","Cooling fan failed, base station overheated.","automated monitoring","Fan replaced, system retested.","2024-05-24T19:00:00Z","2024-05-24T19:45:00Z","45","true","Temperature stable after fan replacement.","sys_admin_cpt","720"
"F10035","NetWave","FOC-0215Z","fiber_optic_cable","UnderseaFOC-PAR-20","Paris","Île-de-France","France","2024-05-26T00:35:00Z","environmental","critical","Undersea cable impacted by ship anchor.","manual inspection","Cable section replaced, rerouted traffic.","2024-05-26T01:10:00Z","2024-05-26T18:10:00Z","1020","false","Cable rerouted, full restoration pending.","marine_ops_par","17000"
"F10036","TCom-01","SW-5697R","switch","DataHall-NYC-13","New York","NY","USA","2024-04-17T13:54:00Z","network","major","Switch lost connectivity to core router.","automated monitoring","Restarted switch, reconfigured uplink.","2024-04-17T13:56:00Z","2024-04-17T14:12:00Z","16","true","Connectivity restored, monitoring ongoing.","net_ops_nyc","390"
"F10037","GlobeTel","BS-9010W","base_station","Station-DEL-25","Delhi","Delhi","India","2024-04-28T07:06:00Z","hardware","major","Base station amplifier failed, reduced coverage.","automated monitoring","Amplifier swapped, coverage tested.","2024-04-28T07:30:00Z","2024-04-28T08:17:00Z","47","true","Coverage restored, all tests passed.","sys_admin_del","670"
"F10038","NetWave","FOC-0227F","fiber_optic_cable","TunnelFOC-BER-26","Berlin","Berlin","Germany","2024-04-10T04:29:00Z","hardware","critical","Tunnel fiber cable hit by construction drill.","manual inspection","Cable replaced, construction protocol updated.","2024-04-10T05:15:00Z","2024-04-10T09:35:00Z","260","true","Cable stable, site risk mitigated.","fiber_team_ber","8100"
"F10039","TCom-02","SW-5698P","switch","LabSwitch-BUE-28","Buenos Aires","Buenos Aires","Argentina","2024-03-12T22:54:00Z","network","minor","Switch port tested for intermittent connectivity.","automated monitoring","Port disabled, cable replaced.","2024-03-12T22:55:00Z","2024-03-12T22:59:00Z","4","true","Connectivity stable post-repair.","lab_ops_bue","0"
"F10040","GlobeTel","BS-9011X","base_station","Station-SYD-32","Sydney","NSW","Australia","2024-03-14T06:16:00Z","environmental","major","Base station signal lost in severe thunderstorm.","manual inspection","Antenna retuned, site checked for water ingress.","2024-03-14T07:00:00Z","2024-03-14T09:20:00Z","140","true","Signal restored, site drainage improved.","field_ops_syd","2300"
"F10041","NetWave","FOC-0251H","fiber_optic_cable","UnderseaFOC-SIN-37","Singapore","Singapore","Singapore","2024-04-24T09:27:00Z","environmental","critical","Undersea cable damaged by underwater landslide.","manual inspection","Cable rerouted, monitoring for further movement.","2024-04-24T10:00:00Z","2024-04-24T18:00:00Z","480","false","Reroute successful; permanent repair scheduled.","marine_ops_sin","25000"
"F10042","TCom-01","RT-0608G","router","TestLab-SEA-39","Seattle","WA","USA","2024-03-22T14:41:00Z","software","warning","Router flagged for excessive test logs.","automated monitoring","Log settings adjusted, test rerun.","2024-03-22T14:42:00Z","2024-03-22T14:43:00Z","1","true","Logging normalized, test completed.","qa_team_sea","0"
"F10043","GlobeTel","BS-9012Y","base_station","Station-MTL-41","Montreal","QC","Canada","2024-05-01T19:28:00Z","hardware","major","Base station lost connectivity due to board failure.","automated monitoring","Main board replaced, system retested.","2024-05-01T19:45:00Z","2024-05-01T20:20:00Z","35","true","Connectivity restored, no further faults.","sys_admin_mtl","730"
"F10044","NetWave","FOC-0265K","fiber_optic_cable","TunnelFOC-TYO-44","Tokyo","Tokyo","Japan","2024-05-20T22:04:00Z","hardware","critical","Tunnel fiber cable failed after insulation breach.","manual inspection","Cable replaced, insulation improved.","2024-05-20T22:40:00Z","2024-05-21T02:15:00Z","215","true","Cable operational, insulation checks ongoing.","fiber_team_tyo","7100"
"F10045","TCom-02","RT-0609H","router","LabCenter-LON-46","London","London","UK","2024-04-08T11:40:00Z","software","minor","Router failed test suite during nightly run.","automated monitoring","Restarted router, cleared test environment.","2024-04-08T11:41:00Z","2024-04-08T11:44:00Z","3","true","All tests passed after restart.","qa_team_lon","0"
"F10046","GlobeTel","BS-9013Z","base_station","Station-STO-49","Stockholm","Stockholm","Sweden","2024-05-23T15:02:00Z","hardware","major","Base station lost power, hardware replacement needed.","manual inspection","Power supply replaced, hardware tested.","2024-05-23T15:30:00Z","2024-05-23T16:20:00Z","50","true","Station back online, hardware verified.","field_ops_sto","830"
"F10047","NetWave","FOC-0272L","fiber_optic_cable","BridgeFOC-PAR-52","Paris","Île-de-France","France","2024-03-28T03:55:00Z","hardware","critical","Fiber cable snapped due to bridge expansion.","automated monitoring","Cable replaced, bridge expansion protocols updated.","2024-03-28T05:00:00Z","2024-03-28T08:40:00Z","220","true","Fiber signal restored, expansion completed.","fiber_team_par","9100"
"F10048","TCom-01","SW-5699S","switch","DataHall-SEA-55","Seattle","WA","USA","2024-04-21T15:08:00Z","network","major","Switch lost connection to backup router.","automated monitoring","Backup router restarted, switch links reset.","2024-04-21T15:11:00Z","2024-04-21T15:31:00Z","20","true","Backup connectivity restored.","net_ops_sea","320"
"F10049","GlobeTel","BS-9014A","base_station","Station-MTL-58","Montreal","QC","Canada","2024-05-25T21:43:00Z","hardware","major","Base station cooling system failed.","automated monitoring","Cooling system replaced, monitored temperature.","2024-05-25T21:55:00Z","2024-05-25T22:25:00Z","30","true","Temperature stable, base station operational.","sys_admin_mtl","620"
"F10050","NetWave","FOC-0284D","fiber_optic_cable","UnderseaFOC-CPT-61","Cape Town","Western Cape","South Africa","2024-05-30T16:19:00Z","environmental","critical","Undersea cable damaged by fishing equipment.","manual inspection","Cable section replaced, rerouted data temporarily.","2024-05-30T17:00:00Z","2024-05-30T23:45:00Z","405","false","Temporary reroute active; permanent repair scheduled.","marine_ops_cpt","14300"
"F2361","NetWave","SW-4819","switch","SwitchSite-29","Frankfurt","HE","Germany","2023-04-12T09:43:00","hardware","major","Switch hardware malfunction led to packet loss and unstable network performance.","automated monitoring","Replaced faulty switch module.","2023-04-12T09:56:00","2023-04-12T10:39:00","43","true","Switch module replaced and tested successfully; network restored.","sys_admin_frank19","482"
"F2362","TCom-01","RT-7094","router","RouterNode-12","Dallas","TX","USA","2023-03-18T14:17:00","hardware","critical","Core router failed, causing regional internet outage for multiple customers.","automated monitoring","Emergency router replacement and config reload.","2023-03-18T14:26:00","2023-03-18T16:04:00","98","true","Router replaced, configuration restored. Services resumed.","net_eng_dallas","2230"
"F2363","GlobeTel","FOC-0012","fiber_optic_cable","FiberBridge-87","Mumbai","MH","India","2023-05-02T06:27:00","environmental","critical","Fiber optic cable damaged by heavy rainfall, disrupting service.","manual inspection","Cable section replaced; rerouting traffic.","2023-05-02T07:02:00","2023-05-02T19:35:00","753","true","Cable replaced; network monitored for stability.","field_ops_mum12","11892"
"F2364","TCom-02","SW-2231","switch","SwitchStation-34","Sydney","NSW","Australia","2023-03-29T13:24:00","software","minor","Software glitch caused temporary packet routing issues on switch.","automated monitoring","Switch firmware rebooted.","2023-03-29T13:25:00","2023-03-29T13:27:00","2","true","Issue resolved after reboot; no customer impact reported.","sys_admin_syd34","0"
"F2365","NetWave","BS-1118","base_station","BaseStation-19","Reykjavik","Hofudborgarsvaedi","Iceland","2023-04-07T18:46:00","power","major","Power loss at base station led to mobile service disruption.","manual inspection","Restored backup power and restarted base station.","2023-04-07T19:00:00","2023-04-07T20:11:00","71","true","Backup power enabled; station operational.","power_team_rvk","680"
"F2366","TCom-01","RT-4038","router","RouterHub-06","Boston","MA","USA","2023-05-03T11:34:00","hardware","major","Router experienced port failure, causing intermittent connectivity.","automated monitoring","Port module swapped and diagnostics run.","2023-05-03T11:46:00","2023-05-03T12:21:00","35","true","Port module swapped; all tests passed.","net_ops_boston","340"
"F2367","GlobeTel","XCVR-7421","transceiver","Transceiver-54","Cape Town","Western Cape","South Africa","2023-05-09T15:03:00","hardware","critical","Transceiver board failed, interrupting data link between two sites.","automated monitoring","Board replacement and link reinitialization.","2023-05-09T15:23:00","2023-05-09T17:34:00","131","true","Board changed, link stable after restart.","sys_admin_cpt54","2090"
"F2368","NetWave","FOC-0335","fiber_optic_cable","FiberTunnel-12","Zurich","ZH","Switzerland","2023-04-21T04:09:00","hardware","major","Connector failure in tunnel cable, impacting network speed.","manual inspection","Connector replaced; cable tested for signal integrity.","2023-04-21T04:33:00","2023-04-21T06:02:00","89","true","Connector replaced, signal restored.","field_ops_zur12","312"
"F2369","TCom-02","SW-5021","switch","SwitchLab-45","Montreal","QC","Canada","2023-04-15T12:19:00","software","warning","Lab switch experienced software timeout during QA tests.","automated monitoring","QA team restarted switch software stack.","2023-04-15T12:21:00","2023-04-15T12:22:00","1","true","QA tests resumed after restart.","qa_lab_mtl45","0"
"F2370","GlobeTel","BS-2221","base_station","BaseStation-03","Buenos Aires","BA","Argentina","2023-05-17T20:42:00","environmental","critical","Severe storm knocked out base station; major coverage loss.","manual inspection","Weather-resistant repairs and component replacement.","2023-05-17T21:03:00","2023-05-18T04:32:00","449","false","Repairs ongoing; additional parts required for full restoration.","field_ops_ba03","7040"
"F2371","NetWave","RT-3582","router","RouterSite-76","Berlin","BE","Germany","2023-04-25T07:21:00","hardware","major","Router fan malfunction caused overheating and reset.","automated monitoring","Fan replaced, router rebooted.","2023-04-25T07:31:00","2023-04-25T08:09:00","38","true","Fan replaced, router temperature normal.","net_ops_ber76","380"
"F2372","TCom-01","RT-5902","router","RouterBase-18","Seattle","WA","USA","2023-03-13T10:10:00","network","major","Network congestion detected, causing slow data rates.","automated monitoring","Traffic rerouted and congestion control updated.","2023-03-13T10:12:00","2023-03-13T10:29:00","17","true","Network flow normalized after rerouting.","sys_admin_sea18","240"
"F2373","GlobeTel","BS-3036","base_station","BaseStation-22","Stockholm","AB","Sweden","2023-04-09T08:43:00","power","major","Power supply instability at base station; frequent resets.","manual inspection","Replaced unstable power unit.","2023-04-09T08:57:00","2023-04-09T09:49:00","52","true","Power unit replaced; stability confirmed.","power_team_sth22","390"
"F2374","NetWave","FOC-0619","fiber_optic_cable","FiberUndersea-45","Singapore","SG","Singapore","2023-05-11T02:20:00","hardware","critical","Undersea cable failure impacted international traffic.","manual inspection","Undersea cable repaired with specialized crew.","2023-05-11T03:30:00","2023-05-11T20:09:00","999","false","Repairs underway; partial service restored, full fix pending.","field_ops_sg45","22400"
"F2375","TCom-02","SW-9810","switch","SwitchNode-72","Delhi","DL","India","2023-03-21T16:58:00","software","warning","Switch firmware update failed during scheduled maintenance.","automated monitoring","Firmware rolled back to previous version.","2023-03-21T17:01:00","2023-03-21T17:05:00","4","true","Rolled back firmware; switch operational.","sys_admin_del72","0"
"F2376","GlobeTel","BS-9943","base_station","BaseStation-99","Nairobi","Nairobi","Kenya","2023-05-14T23:19:00","environmental","critical","Lightning strike damaged base station electronics.","manual inspection","Damaged electronics replaced; weather shield installed.","2023-05-14T23:47:00","2023-05-15T05:39:00","352","true","Electronics replaced, weather shield fitted.","field_ops_nrb99","3200"
"F2377","TCom-01","RT-8216","router","RouterNode-27","Miami","FL","USA","2023-04-04T22:08:00","hardware","major","Router interface failure caused sporadic internet drops.","automated monitoring","Interface replaced; router rebooted.","2023-04-04T22:20:00","2023-04-04T22:49:00","29","true","Interface replaced; router stable.","net_eng_mia27","270"
"F2378","NetWave","FOC-1245","fiber_optic_cable","FiberBridge-21","Paris","IDF","France","2023-05-06T05:29:00","hardware","critical","Fiber bridge cable cut by construction work; traffic rerouted.","manual inspection","Cable spliced and traffic restored.","2023-05-06T06:10:00","2023-05-06T16:21:00","611","true","Cable spliced; network traffic normalized.","field_ops_par21","5620"
"F2379","TCom-02","SW-7432","switch","SwitchSite-88","Sydney","NSW","Australia","2023-04-02T10:14:00","hardware","minor","Switch port reset required during network expansion.","automated monitoring","Port reset performed remotely.","2023-04-02T10:17:00","2023-04-02T10:18:00","1","true","Port reset completed; network expanded.","sys_admin_syd88","0"
"F2380","GlobeTel","BS-1310","base_station","BaseStation-07","Dubai","Dubai","UAE","2023-05-23T09:36:00","environmental","major","Sandstorm damaged base station antennas; reduced coverage.","manual inspection","Antennas cleaned and replaced; coverage tested.","2023-05-23T10:02:00","2023-05-23T12:21:00","139","true","Antennas cleaned and replaced, coverage restored.","field_ops_dub07","640"
"F2381","NetWave","RT-3127","router","RouterNode-03","London","London","UK","2023-05-10T16:35:00","network","major","Router routing table error led to network instability.","automated monitoring","Routing table cleared and rebuilt.","2023-05-10T16:36:00","2023-05-10T17:05:00","29","true","Routing table rebuilt; stability confirmed.","net_ops_ldn03","450"
"F2382","GlobeTel","BS-4092","base_station","BaseStation-56","Buenos Aires","BA","Argentina","2023-04-18T11:07:00","power","major","Temporary power outage disrupted base station signal.","manual inspection","Backup generator deployed; signal restored.","2023-04-18T11:23:00","2023-04-18T12:09:00","46","true","Backup generator operational.","power_team_ba56","290"
"F2383","TCom-01","SW-8702","switch","SwitchBase-09","New York","NY","USA","2023-03-06T07:16:00","hardware","major","Switch overheated; packets dropped intermittently.","automated monitoring","Cooling system reset and switch replaced.","2023-03-06T07:21:00","2023-03-06T07:51:00","30","true","Switch replaced; cooling system monitored.","net_eng_ny09","460"
"F2384","NetWave","FOC-8894","fiber_optic_cable","FiberSite-78","Berlin","BE","Germany","2023-04-19T19:45:00","environmental","critical","Flooding damaged fiber cables causing connectivity loss.","manual inspection","Damaged cables replaced; connections tested.","2023-04-19T20:05:00","2023-04-20T06:11:00","606","false","Flooding repairs ongoing; partial restoration.","field_ops_ber78","18500"
"F2385","TCom-02","SW-6011","switch","SwitchLab-51","San Francisco","CA","USA","2023-03-15T16:02:00","software","warning","Switch test lab experienced brief software freeze.","automated monitoring","Software stack restarted remotely.","2023-03-15T16:03:00","2023-03-15T16:04:00","1","true","Test lab switch resumed normal operation.","qa_lab_sf51","0"
"F2386","GlobeTel","BS-7782","base_station","BaseStation-88","Cape Town","Western Cape","South Africa","2023-03-28T10:53:00","power","major","Power surge damaged base station relay.","manual inspection","Relay replaced, surge protectors installed.","2023-03-28T11:11:00","2023-03-28T12:34:00","83","true","Relay replaced; surge protection enhanced.","power_team_ct88","520"
"F2387","NetWave","XCVR-5671","transceiver","Transceiver-23","Tokyo","Tokyo","Japan","2023-05-15T04:45:00","hardware","major","Transceiver failed due to overheating.","automated monitoring","Transceiver component replaced.","2023-05-15T05:02:00","2023-05-15T06:04:00","62","true","Component replaced, unit running normally.","net_ops_tok23","330"
"F2388","TCom-01","SW-1095","switch","SwitchNode-13","Austin","TX","USA","2023-04-26T09:04:00","network","major","Switch network buffer overflow detected.","automated monitoring","Buffers cleared and monitored.","2023-04-26T09:09:00","2023-04-26T09:22:00","13","true","Buffers cleared; network normal.","sys_admin_aus13","190"
"F2389","GlobeTel","BS-4205","base_station","BaseStation-41","Nairobi","Nairobi","Kenya","2023-03-31T18:29:00","environmental","critical","Heavy rains led to flooding at base station site.","manual inspection","Site drained, electronics dried and tested.","2023-03-31T19:02:00","2023-04-01T03:39:00","457","false","Flooding repairs underway; monitoring next steps.","field_ops_nrb41","10400"
"F2390","NetWave","FOC-5621","fiber_optic_cable","FiberTunnel-33","Zurich","ZH","Switzerland","2023-05-08T20:11:00","hardware","major","Tunnel fiber cable experienced signal loss.","manual inspection","Cable tested; faulty segment replaced.","2023-05-08T20:28:00","2023-05-08T21:30:00","62","true","Faulty segment replaced; signal stable.","field_ops_zur33","410"
"F2391","TCom-02","SW-5569","switch","SwitchBase-15","Montreal","QC","Canada","2023-04-02T13:41:00","hardware","minor","Switch interface reset required during upgrades.","automated monitoring","Interface reset remotely.","2023-04-02T13:42:00","2023-04-02T13:43:00","1","true","Interface reset; upgrade continued.","sys_admin_mtl15","0"
"F2392","GlobeTel","BS-5917","base_station","BaseStation-62","Stockholm","AB","Sweden","2023-05-14T12:07:00","power","major","Base station outage after local grid failure.","manual inspection","Grid repaired, station restarted.","2023-05-14T12:31:00","2023-05-14T13:10:00","39","true","Grid stable; station operational.","power_team_sth62","255"
"F2393","TCom-01","RT-1278","router","RouterSite-44","Chicago","IL","USA","2023-04-18T06:59:00","network","major","Network instability caused by routing protocol mismatch.","automated monitoring","Protocol settings updated and tested.","2023-04-18T07:01:00","2023-04-18T07:30:00","29","true","Protocol fixed, network restored.","sys_admin_chi44","340"
"F2394","NetWave","XCVR-6055","transceiver","Transceiver-32","Paris","IDF","France","2023-03-22T22:38:00","hardware","major","Transceiver lost synchronization during peak hours.","automated monitoring","Synchronization reset; hardware checked.","2023-03-22T22:41:00","2023-03-22T23:13:00","32","true","Sync reset; hardware stable.","sys_admin_par32","230"
"F2395","TCom-02","SW-7002","switch","SwitchNode-66","Delhi","DL","India","2023-05-07T21:18:00","software","minor","Switch update interrupted by network loss.","automated monitoring","Update retried after network restoration.","2023-05-07T21:19:00","2023-05-07T21:24:00","5","true","Update retried; switch active.","sys_admin_del66","0"
"F2396","GlobeTel","BS-1201","base_station","BaseStation-13","Dubai","Dubai","UAE","2023-05-26T14:54:00","environmental","critical","Base station damaged by high winds; signal lost.","manual inspection","Hardware replaced; structure reinforced.","2023-05-26T15:21:00","2023-05-27T03:29:00","728","false","Wind damage repairs continuing; further reinforcement planned.","field_ops_dub13","17600"
"F2397","NetWave","FOC-7736","fiber_optic_cable","FiberSite-22","London","London","UK","2023-04-28T23:02:00","hardware","major","Fiber site experienced connector corrosion.","manual inspection","Connector cleaned, replaced as needed.","2023-04-28T23:10:00","2023-04-28T23:47:00","37","true","Connector cleaned and replaced.","field_ops_ldn22","390"
"F2398","TCom-01","RT-3492","router","RouterSite-20","Chicago","IL","USA","2023-05-05T10:21:00","hardware","major","Router experienced CPU overload, resulting in dropped packets.","automated monitoring","CPU load balanced, router rebooted.","2023-05-05T10:26:00","2023-05-05T10:51:00","25","true","CPU load stabilized; router OK.","sys_admin_chi20","315"
"F2399","GlobeTel","BS-7712","base_station","BaseStation-73","Buenos Aires","BA","Argentina","2023-04-30T22:13:00","power","major","Base station lost power during peak usage.","manual inspection","Backup batteries deployed; power restored.","2023-04-30T22:29:00","2023-04-30T23:36:00","67","true","Backup batteries deployed; station restored.","power_team_ba73","370"
"F2400","NetWave","XCVR-3352","transceiver","Transceiver-98","Tokyo","Tokyo","Japan","2023-03-17T17:59:00","hardware","major","Transceiver failed during high data traffic.","automated monitoring","Transceiver board swapped, diagnostics run.","2023-03-17T18:06:00","2023-03-17T18:41:00","35","true","Board swapped; diagnostics successful.","net_ops_tok98","260"
"F3001","NetWave","RT-4812A","router","RouterSite-CH01","Chicago","IL","USA","2023-03-07T13:12:00Z","hardware","critical","Core routing module failed causing a major network outage in Chicago.","automated monitoring","Module replacement and system restart.","2023-03-07T13:30:00Z","2023-03-07T15:05:00Z","95","true","Module replaced successfully, network restored to full operation.","sys_admin_chi01","1500"
"F3002","TCom-01","SW-9021B","switch","SwitchLab-NY02","New York","NY","USA","2023-05-19T09:45:00Z","software","minor","Switch firmware crashed during scheduled update, limited impact.","automated monitoring","Firmware rollback to previous stable version.","2023-05-19T09:47:00Z","2023-05-19T09:52:00Z","5","true","Rollback completed, switch operational.","net_ops_ny02","22"
"F3003","GlobeTel","BS-2209C","base_station","BaseStation-NA01","Nairobi","Nairobi County","Kenya","2023-04-11T15:23:00Z","environmental","major","Heavy rainfall caused electrical disruption at base station.","manual inspection","Cleared water and restored power connections.","2023-04-11T15:35:00Z","2023-04-11T17:10:00Z","95","true","Site cleaned, power restored, station back online.","field_ops_nai01","560"
"F3004","NetWave","FOC-7865D","fiber_optic_cable","TunnelFiber-TK01","Tokyo","Tokyo Prefecture","Japan","2023-04-03T20:10:00Z","hardware","critical","Fiber cable snapped in tunnel, causing widespread connectivity loss.","manual inspection","Replaced damaged cable section.","2023-04-03T21:00:00Z","2023-04-04T04:40:00Z","340","false","Cable replaced but signal degradation persists, further diagnostics needed.","fiber_tech_tk01","8000"
"F3005","TCom-02","SW-1942G","switch","SwitchHub-MTX01","Montreal","Quebec","Canada","2023-03-15T16:12:00Z","hardware","major","Switch failed due to overheating in main exchange.","automated monitoring","Installed new cooling fans and rebooted device.","2023-03-15T16:20:00Z","2023-03-15T16:50:00Z","30","true","Device cooled and operational, monitoring continues.","sys_admin_mtx01","190"
"F3006","NetWave","XCVR-5601B","transceiver","TransceiverLab-BER02","Berlin","Berlin","Germany","2023-05-24T08:30:00Z","network","minor","Transceiver lost sync with network, causing minor delays.","automated monitoring","Reset transceiver sync and checked connections.","2023-05-24T08:35:00Z","2023-05-24T08:40:00Z","5","true","Sync restored, no further issues detected.","net_ops_ber02","41"
"F3007","GlobeTel","BS-9182F","base_station","BaseStation-DB01","Dubai","Dubai","UAE","2023-05-11T17:00:00Z","power","critical","Power outage at Dubai base station, total service interruption.","manual inspection","Restored grid power, replaced faulty generator.","2023-05-11T17:20:00Z","2023-05-12T03:25:00Z","485","true","Power restored and generator replaced, site fully operational.","power_team_db01","14500"
"F3008","TCom-01","RT-3448D","router","RouterLab-SF01","San Francisco","CA","USA","2023-03-28T10:05:00Z","software","warning","Minor software glitch detected during network load testing.","automated monitoring","Restarted router services.","2023-03-28T10:07:00Z","2023-03-28T10:07:00Z","0","true","No disruption; router restarted and monitored.","test_ops_sf01","0"
"F3009","NetWave","SW-7610T","switch","SwitchSite-PAR01","Paris","Île-de-France","France","2023-05-05T11:22:00Z","hardware","major","Switch port failure affecting several business clients.","automated monitoring","Replaced faulty port and rerouted traffic.","2023-05-05T11:30:00Z","2023-05-05T12:00:00Z","30","true","Port replaced, traffic normalized, monitoring ongoing.","sys_admin_par01","240"
"F3010","GlobeTel","FOC-2217V","fiber_optic_cable","UnderseaFiber-CPT01","Cape Town","Western Cape","South Africa","2023-04-15T02:10:00Z","environmental","critical","Undersea cable damaged by marine activity, total outage.","manual inspection","Cable section replaced and rerouted traffic.","2023-04-15T03:00:00Z","2023-04-15T09:40:00Z","400","false","Partial restoration; additional repairs scheduled.","marine_team_cpt01","30000"
"F3011","TCom-02","RT-5843H","router","RouterSite-SEA01","Seattle","WA","USA","2023-03-22T14:40:00Z","network","major","Router dropped multiple connections resulting in network instability.","automated monitoring","Network connections reset and firmware updated.","2023-03-22T14:41:00Z","2023-03-22T15:05:00Z","24","true","Network stable after reset and update.","net_ops_sea01","85"
"F3012","NetWave","XCVR-4772Q","transceiver","TransceiverSite-LDN01","London","England","UK","2023-04-08T18:15:00Z","hardware","major","Transceiver failed to transmit due to connector damage.","automated monitoring","Connector replaced, transceiver retested.","2023-04-08T18:25:00Z","2023-04-08T18:50:00Z","25","true","Connector replaced, signal transmission restored.","hardware_ldn01","110"
"F3013","GlobeTel","BS-1148J","base_station","BaseStation-SG01","Singapore","Central Singapore","Singapore","2023-03-14T07:55:00Z","environmental","major","Humidity caused interference with base station transmission.","manual inspection","Dehumidifiers installed and station recalibrated.","2023-03-14T08:15:00Z","2023-03-14T09:00:00Z","45","true","Transmission stabilized after recalibration.","field_ops_sg01","270"
"F3014","TCom-01","SW-3350A","switch","SwitchSite-AUS01","Austin","TX","USA","2023-05-23T19:00:00Z","network","major","Network congestion detected on switch, users experienced slow speeds.","automated monitoring","Upgraded switch capacity and rerouted traffic.","2023-05-23T19:10:00Z","2023-05-23T19:50:00Z","40","true","Capacity upgrade successful, speeds normalized.","net_ops_aus01","320"
"F3015","NetWave","FOC-1037K","fiber_optic_cable","BridgeFiber-ST01","Stockholm","Stockholm County","Sweden","2023-04-06T05:00:00Z","hardware","critical","Bridge fiber cable damaged by construction work.","manual inspection","Cable spliced and tested for continuity.","2023-04-06T05:30:00Z","2023-04-06T10:00:00Z","270","true","Splicing successful, full connectivity restored.","fiber_team_st01","3800"
"F3016","GlobeTel","BS-5702Z","base_station","BaseStation-REK01","Reykjavik","Capital Region","Iceland","2023-05-18T20:45:00Z","environmental","critical","Frozen cables led to transmission failure at base station.","manual inspection","Heated cables and replaced connectors.","2023-05-18T21:10:00Z","2023-05-19T08:00:00Z","650","false","Cables heated, partial restoration. Awaiting replacement shipment.","field_ops_rek01","4600"
"F3017","TCom-02","SW-8710V","switch","SwitchSite-SYD01","Sydney","NSW","Australia","2023-04-25T14:20:00Z","power","major","Switch lost power due to brief outage in Sydney data center.","manual inspection","Power restored and switch rebooted.","2023-04-25T14:35:00Z","2023-04-25T15:05:00Z","30","true","Switch back online, no hardware damage.","power_team_syd01","87"
"F3018","NetWave","RT-2018E","router","RouterSite-TK02","Tokyo","Tokyo Prefecture","Japan","2023-05-13T07:35:00Z","hardware","major","Router interface card malfunctioned, affecting traffic flow.","automated monitoring","Replaced interface card and tested routing.","2023-05-13T07:45:00Z","2023-05-13T08:20:00Z","35","true","Card replaced, routing restored.","sys_admin_tk02","410"
"F3019","GlobeTel","FOC-5156R","fiber_optic_cable","FiberRelay-NA02","Nairobi","Nairobi County","Kenya","2023-04-02T12:50:00Z","hardware","critical","Fiber relay failed due to rodent damage, full outage.","manual inspection","Replaced damaged sections, sealed conduits.","2023-04-02T13:20:00Z","2023-04-02T17:50:00Z","270","true","Repairs completed, site secured.","fiber_team_nai02","7000"
"F3020","TCom-01","RT-7293B","router","RouterSite-CHI02","Chicago","IL","USA","2023-03-10T17:21:00Z","hardware","critical","Router power supply failure; full network outage.","automated monitoring","Power supply replaced and router rebooted.","2023-03-10T17:25:00Z","2023-03-10T18:25:00Z","60","true","Power restored, router operational.","sys_admin_chi02","980"
"F3021","NetWave","SW-8307M","switch","SwitchLab-BER03","Berlin","Berlin","Germany","2023-05-12T17:30:00Z","software","minor","Switch software bug caused intermittent packet loss.","automated monitoring","Applied software patch and rebooted.","2023-05-12T17:32:00Z","2023-05-12T17:37:00Z","5","true","Patch applied, packet loss resolved.","net_ops_ber03","35"
"F3022","GlobeTel","BS-4421S","base_station","BaseStation-NBO02","Nairobi","Nairobi County","Kenya","2023-04-13T19:45:00Z","power","major","Short circuit at base station led to power failure.","manual inspection","Short circuit repaired, power restored.","2023-04-13T19:55:00Z","2023-04-13T21:25:00Z","90","true","Repairs successful; base station operational.","power_team_nbo02","680"
"F3023","TCom-02","RT-6427F","router","RouterLab-SYD02","Sydney","NSW","Australia","2023-05-17T11:50:00Z","hardware","major","Router CPU overheating, service disruption.","automated monitoring","CPU cooling system installed.","2023-05-17T12:00:00Z","2023-05-17T12:40:00Z","40","true","Cooling system installed, router stabilized.","sys_admin_syd02","260"
"F3024","NetWave","FOC-9132L","fiber_optic_cable","TunnelFiber-BR01","Berlin","Berlin","Germany","2023-04-05T22:40:00Z","environmental","critical","Tunnel fiber cable submerged due to flooding.","manual inspection","Pumped out water and replaced cable.","2023-04-05T23:00:00Z","2023-04-06T09:00:00Z","600","false","Flooding continues, cable pending final installation.","fiber_team_br01","16000"
"F3025","GlobeTel","BS-3642X","base_station","BaseStation-CPT02","Cape Town","Western Cape","South Africa","2023-05-20T03:05:00Z","environmental","major","Windstorm damaged base station antennas.","manual inspection","Antennas replaced; recalibrated signal.","2023-05-20T03:50:00Z","2023-05-20T08:35:00Z","285","true","Antennas replaced and calibrated, service restored.","field_ops_cpt02","1100"
"F3026","TCom-01","SW-6902B","switch","SwitchSite-NY03","New York","NY","USA","2023-03-06T13:12:00Z","hardware","major","Switch power module failed, network segment down.","automated monitoring","Power module replaced, switch restarted.","2023-03-06T13:25:00Z","2023-03-06T13:55:00Z","30","true","Module replaced, switch online.","sys_admin_ny03","300"
"F3027","NetWave","RT-8521C","router","RouterLab-TK03","Tokyo","Tokyo Prefecture","Japan","2023-04-17T21:32:00Z","network","major","Router experienced packet drops due to buffer overflow.","automated monitoring","Buffer flush and firmware patch.","2023-04-17T21:35:00Z","2023-04-17T21:55:00Z","20","true","Buffer issue resolved, network stable.","net_ops_tk03","98"
"F3028","GlobeTel","FOC-6842P","fiber_optic_cable","BridgeFiber-SG01","Singapore","Central Singapore","Singapore","2023-03-29T08:10:00Z","hardware","critical","Bridge fiber cable snapped, causing major outage.","manual inspection","Cable replaced and signal tested.","2023-03-29T09:00:00Z","2023-03-29T13:30:00Z","270","true","Cable replaced, signal restored.","fiber_team_sg01","3900"
"F3029","TCom-02","SW-2210L","switch","SwitchSite-DEL01","Delhi","Delhi","India","2023-04-04T05:12:00Z","hardware","major","Switch motherboard damaged by voltage spike.","manual inspection","Motherboard replaced, voltage checked.","2023-04-04T05:30:00Z","2023-04-04T06:10:00Z","40","true","Motherboard replaced, voltage stable.","hardware_del01","210"
"F3030","NetWave","XCVR-6921N","transceiver","TransceiverLab-BER04","Berlin","Berlin","Germany","2023-05-14T12:50:00Z","network","minor","Transceiver link instability affecting a small segment.","automated monitoring","Link reset and stability tested.","2023-05-14T12:52:00Z","2023-05-14T13:00:00Z","8","true","Link reset, stability confirmed.","net_ops_ber04","21"
"F3031","GlobeTel","BS-1012M","base_station","BaseStation-NBO03","Nairobi","Nairobi County","Kenya","2023-04-19T23:30:00Z","environmental","major","Dust storm caused antenna blockage, transmission issues.","manual inspection","Antennas cleaned and recalibrated.","2023-04-19T23:50:00Z","2023-04-20T01:20:00Z","90","true","Antennas cleaned, transmission restored.","field_ops_nbo03","630"
"F3032","TCom-01","SW-3001K","switch","SwitchLab-NY04","New York","NY","USA","2023-03-11T10:12:00Z","software","minor","Switch service crashed during routine maintenance.","automated monitoring","Restarted switch service and checked logs.","2023-03-11T10:14:00Z","2023-03-11T10:16:00Z","2","true","Service restarted, no persistent errors.","net_ops_ny04","9"
"F3033","NetWave","FOC-5072W","fiber_optic_cable","UnderseaFiber-ST02","Stockholm","Stockholm County","Sweden","2023-04-20T03:10:00Z","environmental","critical","Undersea cable damage due to seismic activity.","manual inspection","Cable inspected and repairs initiated.","2023-04-20T03:40:00Z","2023-04-20T10:00:00Z","380","false","Seismic repairs ongoing, full restoration expected next week.","marine_team_st02","28000"
"F3034","GlobeTel","BS-8805C","base_station","BaseStation-REK02","Reykjavik","Capital Region","Iceland","2023-03-18T09:50:00Z","environmental","major","Heavy snow blocked base station, causing reduced service range.","manual inspection","Snow removed, base station recalibrated.","2023-03-18T10:10:00Z","2023-03-18T11:40:00Z","90","true","Snow cleared, service range restored.","field_ops_rek02","540"
"F3035","TCom-02","RT-1118J","router","RouterSite-SYD03","Sydney","NSW","Australia","2023-05-10T07:30:00Z","hardware","major","Router fan failure caused overheating and shutdown.","automated monitoring","Fan replaced, temperature monitored.","2023-05-10T07:35:00Z","2023-05-10T08:05:00Z","30","true","Fan replaced, router operational.","sys_admin_syd03","120"
"F3036","NetWave","SW-4521F","switch","SwitchSite-PAR02","Paris","Île-de-France","France","2023-05-25T22:50:00Z","network","major","Switch overloaded, causing intermittent connectivity.","automated monitoring","Load redistributed, switch rebooted.","2023-05-25T22:52:00Z","2023-05-25T23:07:00Z","15","true","Load balanced, switch stable.","net_ops_par02","57"
"F3037","GlobeTel","FOC-4820T","fiber_optic_cable","TunnelFiber-DB02","Dubai","Dubai","UAE","2023-03-23T10:10:00Z","environmental","critical","Tunnel flooding damaged fiber optic cable.","manual inspection","Water pumped, cable replaced.","2023-03-23T10:40:00Z","2023-03-23T13:40:00Z","180","true","Cable replaced, tunnel secured.","fiber_team_db02","9100"
"F3038","TCom-01","SW-8012Q","switch","SwitchSite-CHI03","Chicago","IL","USA","2023-03-27T16:50:00Z","software","minor","Switch experienced minor software error during update.","automated monitoring","Software rolled back, switch rebooted.","2023-03-27T16:55:00Z","2023-03-27T17:00:00Z","5","true","Rollback and reboot successful.","net_ops_chi03","16"
"F3039","NetWave","XCVR-3921M","transceiver","TransceiverLab-LDN02","London","England","UK","2023-05-03T10:40:00Z","hardware","major","Transceiver module failed, reducing connection quality.","automated monitoring","Module replaced, tested for quality.","2023-05-03T10:45:00Z","2023-05-03T11:10:00Z","25","true","Module replaced, quality restored.","hardware_ldn02","90"
"F3040","GlobeTel","BS-6112L","base_station","BaseStation-CPT03","Cape Town","Western Cape","South Africa","2023-04-28T20:15:00Z","environmental","major","Moisture caused signal degradation in base station.","manual inspection","Station dried, signal recalibrated.","2023-04-28T20:30:00Z","2023-04-28T21:20:00Z","50","true","Signal restored, site monitored for moisture.","field_ops_cpt03","220"
"F3041","TCom-02","RT-2192E","router","RouterSite-DEL02","Delhi","Delhi","India","2023-05-07T08:50:00Z","hardware","major","Router interface issue causing intermittent outages.","automated monitoring","Interface card replaced and tested.","2023-05-07T09:05:00Z","2023-05-07T09:45:00Z","40","true","Card replaced, router stable.","sys_admin_del02","180"
"F3042","NetWave","FOC-3911P","fiber_optic_cable","UnderseaFiber-TK04","Tokyo","Tokyo Prefecture","Japan","2023-04-26T06:20:00Z","environmental","critical","Undersea fiber cable damaged by earthquake, severe outage.","manual inspection","Emergency cable repairs initiated.","2023-04-26T06:40:00Z","2023-04-26T16:40:00Z","600","false","Repairs ongoing, full restoration expected in two days.","marine_team_tk04","26000"
"F3043","GlobeTel","BS-1017H","base_station","BaseStation-NBO04","Nairobi","Nairobi County","Kenya","2023-05-27T11:20:00Z","environmental","major","Lightning strike caused equipment shutdown.","manual inspection","Damaged equipment replaced, power restored.","2023-05-27T11:40:00Z","2023-05-27T14:00:00Z","140","true","Equipment replaced, station operational.","field_ops_nbo04","1200"
"F3044","TCom-01","SW-1406F","switch","SwitchLab-AUS02","Austin","TX","USA","2023-03-19T21:10:00Z","network","minor","Minor network latency detected on switch.","automated monitoring","Network optimized, latency reduced.","2023-03-19T21:12:00Z","2023-03-19T21:16:00Z","4","true","Optimization successful.","net_ops_aus02","7"
"F3045","NetWave","RT-6021Z","router","RouterSite-PAR03","Paris","Île-de-France","France","2023-05-28T11:11:00Z","hardware","critical","Router mainboard failed, entire network segment down.","automated monitoring","Mainboard replaced, router rebooted.","2023-05-28T11:15:00Z","2023-05-28T12:25:00Z","70","true","Mainboard replaced, network restored.","sys_admin_par03","2100"
"F3046","GlobeTel","FOC-5721G","fiber_optic_cable","TunnelFiber-NBO05","Nairobi","Nairobi County","Kenya","2023-03-30T17:20:00Z","hardware","critical","Fiber cable damaged by construction equipment.","manual inspection","Cable replaced and tested.","2023-03-30T17:30:00Z","2023-03-30T20:50:00Z","200","true","Repairs successful, cable operational.","fiber_team_nbo05","10200"
"F3047","TCom-02","SW-2801S","switch","SwitchSite-MTX02","Montreal","Quebec","Canada","2023-04-10T12:10:00Z","software","minor","Switch experienced minor software bug.","automated monitoring","Software updated and switch restarted.","2023-04-10T12:12:00Z","2023-04-10T12:16:00Z","4","true","Update successful, bug resolved.","net_ops_mtx02","12"
"F3048","NetWave","RT-5784F","router","RouterLab-BER05","Berlin","Berlin","Germany","2023-04-11T23:30:00Z","hardware","critical","Core router failed, all connections lost.","automated monitoring","Router replaced, configuration restored.","2023-04-11T23:40:00Z","2023-04-12T01:10:00Z","90","true","Router replaced, network restored.","sys_admin_ber05","1750"
"F3049","GlobeTel","BS-2103R","base_station","BaseStation-CPT04","Cape Town","Western Cape","South Africa","2023-03-05T06:15:00Z","power","major","Base station lost backup power during maintenance.","manual inspection","Backup power restored and tested.","2023-03-05T06:25:00Z","2023-03-05T07:05:00Z","40","true","Backup restored, site operational.","power_team_cpt04","160"
"F3050","TCom-01","SW-1902N","switch","SwitchSite-CHI04","Chicago","IL","USA","2023-05-08T14:00:00Z","network","minor","Minor network instability detected on switch.","automated monitoring","Network settings adjusted and rebooted.","2023-05-08T14:02:00Z","2023-05-08T14:09:00Z","7","true","Settings adjusted, switch stable.","net_ops_chi04","18"
"F6001","NetWave","RT-3381A","router","SiteNYC-001","New York","NY","USA","2024-04-04T08:13:00","hardware","critical","Core router failed due to high temperature in rack, causing major outage.","automated monitoring","Replaced faulty router with backup unit.","2024-04-04T08:20:00","2024-04-04T09:55:00","95","true","Replacement completed and system restored successfully.","sys_admin_nyc23","2100"
"F6002","TCom-01","SW-1124B","switch","LabCHI-07","Chicago","IL","USA","2024-05-02T11:06:00","software","minor","Firmware update failed on test switch causing brief connectivity loss.","automated monitoring","Rolled back firmware to previous version.","2024-05-02T11:09:00","2024-05-02T11:14:00","5","true","Switch returned to service after rollback.","qa_engineer_ill","0"
"F6003","GlobeTel","BS-5462Z","base_station","StationDXB-3","Dubai","Dubai","UAE","2024-03-11T16:40:00","environmental","major","Sandstorm caused signal degradation at base station.","manual inspection","Cleaned filters and recalibrated antennas.","2024-03-11T17:00:00","2024-03-11T19:20:00","140","true","Performance improved after cleaning and calibration.","field_ops_dxb01","1800"
"F6004","NetWave","FOC-4438Q","fiber_optic_cable","BridgePAR-1","Paris","Île-de-France","France","2024-03-15T07:50:00","hardware","critical","Fiber optic cable damaged at bridge crossing, causing regional data loss.","automated monitoring","Spliced damaged section and confirmed signal integrity.","2024-03-15T08:10:00","2024-03-15T13:30:00","320","false","Splice completed but full restoration delayed pending further inspection.","network_mgr_par","10000"
"F6005","TCom-02","XCVR-2011E","transceiver","SiteSYD-02","Sydney","NSW","Australia","2024-04-09T15:30:00","power","major","Power fluctuation caused intermittent errors in transceiver.","manual inspection","Reset transceiver and installed voltage stabilizer.","2024-04-09T15:45:00","2024-04-09T16:10:00","25","true","Voltage stabilized and normal operation resumed.","field_ops_syd8","260"
"F6006","TCom-01","RT-7274H","router","SiteDAL-02","Dallas","TX","USA","2024-05-14T18:12:00","network","warning","Short network interruption at main Dallas router.","automated monitoring","Restarted router and verified connections.","2024-05-14T18:14:00","2024-05-14T18:16:00","2","true","Quick restart resolved the connectivity issue.","sys_admin_dal","15"
"F6007","GlobeTel","BS-9812T","base_station","StationNBO-4","Nairobi","Nairobi","Kenya","2024-03-27T09:30:00","environmental","critical","Heavy rainfall caused flooding at base station site.","manual inspection","Installed temporary drainage and replaced power units.","2024-03-27T10:00:00","2024-03-27T15:00:00","300","true","Drainage in place, awaiting permanent repairs.","field_ops_nbo2","3500"
"F6008","NetWave","SW-7219C","switch","SiteBER-05","Berlin","Berlin","Germany","2024-05-18T13:45:00","hardware","major","Switch port malfunctioned, disrupting traffic to multiple VLANs.","automated monitoring","Replaced switch port and rerouted traffic.","2024-05-18T13:50:00","2024-05-18T14:50:00","60","true","Port replaced and VLANs restored to normal operation.","net_eng_ber","870"
"F6009","TCom-02","RT-2247K","router","SiteMON-6","Montreal","QC","Canada","2024-03-19T10:25:00","network","major","Border router lost upstream connectivity for 45 minutes.","automated monitoring","Reset interfaces and coordinated with upstream provider.","2024-03-19T10:30:00","2024-03-19T11:15:00","45","true","Connectivity restored after interface reset.","sys_admin_mon","420"
"F6010","GlobeTel","FOC-9024U","fiber_optic_cable","UnderseaSG-1","Singapore","Singapore","Singapore","2024-05-29T03:10:00","environmental","critical","Undersea cable damaged by anchor, affecting international traffic.","manual inspection","Initiated cable repair and rerouted traffic.","2024-05-29T03:50:00","2024-05-29T15:10:00","680","false","Repair initiated, backup routes active, full restoration pending.","field_ops_sg1","25000"
"F6011","NetWave","SW-8017Y","switch","SiteTKY-12","Tokyo","Tokyo","Japan","2024-04-23T22:40:00","hardware","major","Switch failed at Tokyo data center, causing packet loss.","automated monitoring","Replaced switch chassis and restored traffic flow.","2024-04-23T22:45:00","2024-04-23T23:35:00","50","true","Switch chassis replaced, full packet delivery resumed.","sys_admin_tky","930"
"F6012","TCom-01","RT-5683J","router","SiteATL-08","Atlanta","GA","USA","2024-03-30T06:25:00","software","minor","Configuration error caused brief routing loop.","automated monitoring","Updated routing table and cleared cache.","2024-03-30T06:27:00","2024-03-30T06:32:00","5","true","Routing table updated, no further loops observed.","net_eng_atl1","7"
"F6013","GlobeTel","BS-3241V","base_station","StationCPT-1","Cape Town","Western Cape","South Africa","2024-04-12T12:00:00","power","critical","Power outage at rural base station disrupted local coverage.","manual inspection","Installed generator and checked power feed.","2024-04-12T12:15:00","2024-04-12T14:45:00","150","true","Generator provisioned, coverage restored.","field_ops_cpt","2400"
"F6014","TCom-02","SW-2178D","switch","SiteSTH-04","Stockholm","Stockholm","Sweden","2024-03-08T18:20:00","hardware","major","Switch module failed during peak usage.","automated monitoring","Swapped module and verified system stability.","2024-03-08T18:25:00","2024-03-08T18:55:00","30","true","Module replaced, system stable.","sys_admin_sth","610"
"F6015","NetWave","FOC-2829W","fiber_optic_cable","TunnelBER-2","Berlin","Berlin","Germany","2024-04-15T04:30:00","environmental","critical","Tunnel flooding impacted fiber optic cable integrity.","manual inspection","Pumped out water and replaced cable section.","2024-04-15T05:10:00","2024-04-15T14:20:00","550","true","Cable replaced, monitoring ongoing for water ingress.","field_ops_berlin","8000"
"F6016","TCom-01","RT-5148L","router","SiteSEA-15","Seattle","WA","USA","2024-05-05T21:10:00","hardware","critical","Router experienced mainboard failure during data migration.","automated monitoring","Mainboard replaced and system rebooted.","2024-05-05T21:19:00","2024-05-05T22:34:00","75","true","Mainboard replaced, system operational.","sys_admin_sea","2100"
"F6017","GlobeTel","BS-1756M","base_station","StationREY-5","Reykjavik","Reykjavik","Iceland","2024-04-28T10:22:00","environmental","major","Ice accumulation caused transmission issues.","manual inspection","Cleared ice and replaced damaged parts.","2024-04-28T10:40:00","2024-04-28T12:00:00","80","true","Ice cleared, transmission restored to normal.","field_ops_rey","1100"
"F6018","TCom-02","SW-9532S","switch","SiteSFO-03","San Francisco","CA","USA","2024-05-21T14:00:00","software","minor","Switch firmware bug triggered packet drops in test lab.","automated monitoring","Patched firmware and rebooted switch.","2024-05-21T14:03:00","2024-05-21T14:08:00","5","true","Patch applied, connectivity restored.","qa_engineer_ca1","0"
"F6019","NetWave","FOC-6217G","fiber_optic_cable","BridgeBER-3","Berlin","Berlin","Germany","2024-03-22T05:45:00","hardware","critical","Bridge crossing cable snapped due to construction.","automated monitoring","Replaced cable section and tested throughput.","2024-03-22T06:10:00","2024-03-22T11:30:00","320","true","Cable section replaced, traffic restored.","network_mgr_ber","9500"
"F6020","TCom-01","RT-9831F","router","SiteAUS-04","Austin","TX","USA","2024-03-16T16:05:00","hardware","major","Router fan failure led to overheating and system shutdown.","automated monitoring","Replaced fan and rebooted system.","2024-03-16T16:13:00","2024-03-16T16:43:00","30","true","Fan replaced, router operational.","sys_admin_aus4","870"
"F6021","GlobeTel","BS-2264X","base_station","StationNBO-2","Nairobi","Nairobi","Kenya","2024-05-06T06:10:00","power","major","Power surge damaged base station equipment.","manual inspection","Installed surge protection and replaced damaged modules.","2024-05-06T06:25:00","2024-05-06T07:30:00","65","true","Surge protection installed, base station stable.","field_ops_nbo2","980"
"F6022","TCom-02","XCVR-4116O","transceiver","SiteMNT-01","Montreal","QC","Canada","2024-03-28T21:15:00","hardware","minor","Transceiver calibration drift detected during routine checks.","manual inspection","Recalibrated transceiver and verified output.","2024-03-28T21:18:00","2024-03-28T21:28:00","10","true","Calibration completed, no further drift observed.","field_ops_mnt1","55"
"F6023","NetWave","SW-6651E","switch","SiteTKY-03","Tokyo","Tokyo","Japan","2024-03-26T11:10:00","hardware","major","Switch error at Tokyo exchange disrupted traffic.","automated monitoring","Replaced switch and reconfigured settings.","2024-03-26T11:15:00","2024-03-26T12:00:00","45","true","Switch replaced, exchange traffic normalized.","net_eng_tky3","650"
"F6024","GlobeTel","FOC-8972L","fiber_optic_cable","TunnelCPT-1","Cape Town","Western Cape","South Africa","2024-04-11T08:18:00","environmental","critical","Tunnel flooding caused fiber optic cable failure.","manual inspection","Replaced cable section and installed waterproof casing.","2024-04-11T09:00:00","2024-04-11T19:18:00","618","false","Casing installed, cable replaced, ongoing water ingress.","field_ops_cpt","12000"
"F6025","TCom-01","RT-4529C","router","LabSEA-20","Seattle","WA","USA","2024-05-22T09:40:00","software","minor","Test router experienced brief configuration error.","automated monitoring","Restored correct configuration and rebooted.","2024-05-22T09:41:00","2024-05-22T09:43:00","2","true","Configuration restored, no further errors.","qa_engineer_sea","0"
"F6026","NetWave","RT-1057B","router","SitePAR-04","Paris","Île-de-France","France","2024-03-31T15:19:00","hardware","critical","Router CPU failure caused major network disruption.","automated monitoring","Replaced CPU and rebooted router.","2024-03-31T15:35:00","2024-03-31T16:50:00","75","true","CPU replaced and router back online.","sys_admin_paris","1500"
"F6027","GlobeTel","BS-8011N","base_station","StationSGP-2","Singapore","Singapore","Singapore","2024-03-14T02:20:00","power","major","Power failure at base station disrupted city coverage.","manual inspection","Replaced UPS and restored power feed.","2024-03-14T02:40:00","2024-03-14T04:05:00","85","true","UPS replaced, coverage restored.","field_ops_sgp","1900"
"F6028","TCom-02","SW-2596P","switch","SiteDEL-11","Delhi","Delhi","India","2024-04-02T09:40:00","network","minor","Switch in Delhi data center dropped packets intermittently.","automated monitoring","Reset switch and monitored throughput.","2024-04-02T09:44:00","2024-04-02T09:54:00","10","true","Switch reset, throughput stabilized.","sys_admin_del","80"
"F6029","NetWave","FOC-1102C","fiber_optic_cable","BridgeTKY-2","Tokyo","Tokyo","Japan","2024-05-10T05:10:00","hardware","critical","Bridge cable damaged by maintenance crew.","manual inspection","Replaced damaged cable and tested line.","2024-05-10T05:35:00","2024-05-10T10:10:00","275","true","Cable replaced, line stable.","field_ops_tky","9000"
"F6030","TCom-01","RT-1733M","router","SiteNYC-07","New York","NY","USA","2024-03-21T08:03:00","hardware","major","Router port failure caused partial network outage.","automated monitoring","Replaced faulty port and rerouted traffic.","2024-03-21T08:05:00","2024-03-21T08:29:00","24","true","Port replaced, traffic rerouted.","net_eng_nyc7","530"
"F6031","GlobeTel","BS-5072B","base_station","StationNBO-3","Nairobi","Nairobi","Kenya","2024-05-19T17:33:00","environmental","major","Lightning strike damaged base station transmitter.","manual inspection","Replaced transmitter and grounded antenna.","2024-05-19T17:50:00","2024-05-19T20:00:00","130","false","Transmitter replaced, further grounding required.","field_ops_nbo3","2100"
"F6032","NetWave","SW-4520H","switch","SiteTKY-23","Tokyo","Tokyo","Japan","2024-05-04T11:45:00","hardware","major","Switch lost power due to faulty supply.","automated monitoring","Replaced power supply and restarted switch.","2024-05-04T11:50:00","2024-05-04T12:30:00","40","true","Power supply replaced, switch operational.","sys_admin_tky23","670"
"F6033","TCom-02","XCVR-8352M","transceiver","SiteBA-08","Buenos Aires","Buenos Aires","Argentina","2024-04-17T20:00:00","hardware","minor","Transceiver failed quality check during upgrade.","manual inspection","Replaced unit and ran verification tests.","2024-04-17T20:05:00","2024-04-17T20:18:00","13","true","Unit replaced, upgrade completed.","field_ops_ba","40"
"F6034","NetWave","FOC-3211S","fiber_optic_cable","UnderseaPAR-1","Paris","Île-de-France","France","2024-04-01T07:21:00","environmental","critical","Undersea cable impacted by seismic activity.","manual inspection","Performed cable assessment and started repairs.","2024-04-01T07:45:00","2024-04-01T18:15:00","630","false","Repairs ongoing, damage assessment underway.","field_ops_paris","32000"
"F6035","TCom-01","SW-3720Z","switch","SiteDAL-04","Dallas","TX","USA","2024-04-08T23:18:00","hardware","major","Switch port failed during peak traffic.","automated monitoring","Replaced faulty port and tested system.","2024-04-08T23:25:00","2024-04-08T23:40:00","15","true","Port replaced, system stable.","net_eng_dal","430"
"F6036","GlobeTel","BS-4318C","base_station","StationCPT-2","Cape Town","Western Cape","South Africa","2024-04-19T14:55:00","environmental","major","Windstorm caused antenna misalignment at base station.","manual inspection","Realigned antenna and checked connections.","2024-04-19T15:15:00","2024-04-19T16:00:00","45","true","Antenna realigned, connections verified.","field_ops_cpt2","390"
"F6037","TCom-02","SW-9917T","switch","SiteSTH-05","Stockholm","Stockholm","Sweden","2024-05-17T17:05:00","hardware","major","Switch failed during evening traffic surge.","automated monitoring","Swapped switch and rerouted data paths.","2024-05-17T17:15:00","2024-05-17T18:05:00","50","true","Switch replaced, data paths rerouted.","sys_admin_sth5","720"
"F6038","NetWave","RT-3308F","router","SitePAR-11","Paris","Île-de-France","France","2024-04-20T08:31:00","hardware","critical","Router mainboard failure caused complete outage.","automated monitoring","Mainboard replaced and router rebooted.","2024-04-20T08:45:00","2024-04-20T09:40:00","55","true","Mainboard replaced, router online.","sys_admin_paris","2100"
"F6039","GlobeTel","FOC-5051T","fiber_optic_cable","TunnelSGP-1","Singapore","Singapore","Singapore","2024-04-25T02:12:00","environmental","critical","Tunnel flood affected fiber cable, disrupting traffic.","manual inspection","Cable replaced, tunnel drainage improved.","2024-04-25T02:40:00","2024-04-25T10:10:00","450","true","Cable replaced, traffic restored.","field_ops_sgp01","17000"
"F6040","TCom-01","RT-8792S","router","SiteATL-17","Atlanta","GA","USA","2024-04-06T07:55:00","software","minor","Software update bug on test router.","automated monitoring","Rolled back update and rebooted.","2024-04-06T07:56:00","2024-04-06T07:59:00","3","true","Rollback completed, router stable.","qa_engineer_atl","0"
"F6041","NetWave","SW-2903L","switch","SiteBER-15","Berlin","Berlin","Germany","2024-03-05T12:32:00","hardware","major","Switch failed after power spike in Berlin.","automated monitoring","Replaced switch and added surge protection.","2024-03-05T12:37:00","2024-03-05T13:32:00","55","true","Switch replaced, protection added.","sys_admin_ber15","990"
"F6042","TCom-02","SW-9002A","switch","SiteMON-14","Montreal","QC","Canada","2024-05-23T16:15:00","network","minor","Montreal switch experienced brief packet loss.","automated monitoring","Reset switch and monitored connections.","2024-05-23T16:20:00","2024-05-23T16:35:00","15","true","Switch reset, connections normal.","sys_admin_mon14","60"
"F6043","GlobeTel","BS-2180Q","base_station","StationDXB-2","Dubai","Dubai","UAE","2024-05-02T12:11:00","environmental","critical","Dust storm caused temporary signal loss.","manual inspection","Cleaned base station and recalibrated.","2024-05-02T12:40:00","2024-05-02T15:11:00","151","true","Station cleaned, signal restored.","field_ops_dxb2","1200"
"F6044","NetWave","FOC-7634M","fiber_optic_cable","BridgeBER-11","Berlin","Berlin","Germany","2024-04-10T06:10:00","hardware","critical","Bridge cable snapped, causing regional outage.","automated monitoring","Replaced cable and performed diagnostics.","2024-04-10T06:35:00","2024-04-10T09:10:00","155","true","Cable replaced, diagnostics passed.","network_mgr_ber11","17500"
"F6045","TCom-01","SW-1947U","switch","LabCHI-15","Chicago","IL","USA","2024-03-02T15:55:00","software","minor","Switch test firmware failed, causing brief outage.","automated monitoring","Rolled back firmware, rebooted switch.","2024-03-02T15:58:00","2024-03-02T16:00:00","2","true","Firmware rollback successful.","qa_engineer_chi","0"
"F6046","GlobeTel","BS-2218A","base_station","StationREY-3","Reykjavik","Reykjavik","Iceland","2024-05-13T15:30:00","power","major","Base station power supply failed during storm.","manual inspection","Replaced supply and checked grounding.","2024-05-13T15:45:00","2024-05-13T16:25:00","40","true","Power restored, grounding checked.","field_ops_rey3","800"
"F6047","TCom-02","XCVR-5123G","transceiver","SiteBA-02","Buenos Aires","Buenos Aires","Argentina","2024-03-16T18:22:00","hardware","minor","Transceiver failed internal diagnostics.","manual inspection","Replaced transceiver and tested output.","2024-03-16T18:25:00","2024-03-16T18:45:00","20","true","Transceiver replaced, output normal.","field_ops_ba2","20"
"F6048","NetWave","FOC-6165F","fiber_optic_cable","TunnelPAR-1","Paris","Île-de-France","France","2024-03-18T07:12:00","hardware","critical","Tunnel cable snapped due to infrastructure work.","automated monitoring","Cable replaced and connection tested.","2024-03-18T07:30:00","2024-03-18T12:12:00","282","true","Cable replaced, connection stable.","network_mgr_par1","15000"
"F6049","TCom-01","RT-6641P","router","SiteATL-19","Atlanta","GA","USA","2024-03-10T17:49:00","hardware","major","Router port error during evening traffic.","automated monitoring","Replaced port and tested system.","2024-03-10T17:51:00","2024-03-10T18:11:00","20","true","Port replaced, system stable.","net_eng_atl19","340"
"F6050","GlobeTel","BS-9002E","base_station","StationDXB-1","Dubai","Dubai","UAE","2024-04-03T16:40:00","environmental","critical","Sandstorm caused equipment overheating.","manual inspection","Cleaned filters, installed cooling fans.","2024-04-03T17:00:00","2024-04-03T20:40:00","220","true","Filters cleaned, fans installed, temperatures normalized.","field_ops_dxb1","2100"
"F9021","TCom-01","RT-3071A","router","Site-CH3071","Chicago","IL","USA","2024-05-13T11:23:00","hardware","major","Router failed to boot due to corrupted firmware, affecting service in downtown area.","automated monitoring","Firmware reinstallation and device reboot performed.","2024-05-13T11:38:00","2024-05-13T12:12:00","34","true","Device restored after firmware flash and connectivity confirmed.","sys_admin_23","412"
"F9022","NetWave","FOC-1812C","fiber_optic_cable","Cable-RE1812","Reykjavik","Capital","Iceland","2024-05-14T07:04:00","environmental","critical","Undersea cable damage detected due to seismic activity near Reykjavik coastline.","manual inspection","Cable replacement and rerouting traffic through backup.","2024-05-14T09:15:00","2024-05-15T15:40:00","1785","false","Partial restoration achieved; full repair pending further cable section replacement.","field_ops_rey","12000"
"F9023","GlobeTel","BS-4382B","base_station","Base-NA4382","Nairobi","Nairobi County","Kenya","2024-04-18T16:44:00","power","major","Power outage at base station caused network disruption for rural customers.","manual inspection","Generator deployed and grid power restored.","2024-04-18T17:05:00","2024-04-18T18:02:00","57","true","Station operational after generator use; grid power stabilized.","field_ops_nair","214"
"F9024","TCom-02","SW-1003X","switch","Switch-NY1003","New York","NY","USA","2024-05-17T14:10:00","network","critical","Switch failed due to network loop, causing packet loss and downtime.","automated monitoring","Loop prevention protocols activated; switch rebooted.","2024-05-17T14:12:00","2024-05-17T14:42:00","30","true","Network restored; monitoring for further anomalies ongoing.","net_eng_ny7","780"
"F9025","NetWave","XCVR-5231M","transceiver","Trans-TK5231","Tokyo","Tokyo","Japan","2024-05-10T10:45:00","hardware","minor","Transceiver intermittently dropping connections; degraded throughput observed.","automated monitoring","Module replaced and calibration performed.","2024-05-10T11:00:00","2024-05-10T11:25:00","25","true","Replacement successful and performance normalized.","sys_admin_tokyo","107"
"F9026","GlobeTel","FOC-2198D","fiber_optic_cable","Cable-DB2198","Dubai","Dubai","UAE","2024-04-21T08:55:00","hardware","critical","Severe attenuation in fiber link, causing service disruption in Dubai business district.","manual inspection","Faulty section replaced, testing performed post-repair.","2024-04-21T09:30:00","2024-04-21T13:00:00","210","true","Link performance restored; all tests passed.","field_ops_db2","1750"
"F9027","TCom-01","RT-5017B","router","Site-HO5017","Houston","TX","USA","2024-05-16T09:52:00","software","minor","Routing table corruption detected, limited connectivity for local users.","automated monitoring","Routing table reset and software patch applied.","2024-05-16T10:00:00","2024-05-16T10:06:00","6","true","Patch resolved issue; monitoring for recurrence.","sys_admin_hou","33"
"F9028","TCom-02","SW-2027F","switch","Switch-AU2027","Austin","TX","USA","2024-05-11T13:50:00","network","warning","Switch experiencing brief packet drops; monitoring flagged transient issue.","automated monitoring","Network reset and switch interface diagnostics completed.","2024-05-11T13:53:00","2024-05-11T13:59:00","6","true","Issue resolved; network stability confirmed.","net_eng_tx2","5"
"F9029","NetWave","FOC-8716J","fiber_optic_cable","Cable-CA8716","Cape Town","Western Cape","South Africa","2024-03-29T18:31:00","environmental","critical","Cable flooding reported after heavy rainfall, causing major service interruption.","manual inspection","Water removed, cable section replaced by emergency team.","2024-03-29T20:15:00","2024-03-30T01:44:00","329","true","Cable operational; flood mitigation in effect to prevent recurrence.","field_ops_cpt","4200"
"F9030","GlobeTel","BS-8219L","base_station","Base-SG8219","Singapore","Central","Singapore","2024-05-05T15:15:00","power","major","Power surge at base station caused brief outage for business clients.","manual inspection","Surge protector installed and system rebooted.","2024-05-05T15:25:00","2024-05-05T15:45:00","20","true","System restored; surge protection now active.","field_ops_sg3","89"